date;project;millis
2023-11-21T20:10:50+01:00;bridge-operator;-25585
2023-11-21T20:11:17+01:00;bridge-operator;-26031
2023-11-21T20:11:43+01:00;bridge-operator;-25458
2023-11-21T20:12:10+01:00;bridge-operator;-25872
2023-11-21T20:12:36+01:00;bridge-operator;-25534
2023-11-21T20:13:03+01:00;bridge-operator;-25962
2023-11-21T20:13:29+01:00;bridge-operator;-25384
2023-11-21T20:13:56+01:00;bridge-operator;-25823
2023-11-21T20:14:22+01:00;bridge-operator;-25447
2023-11-21T20:14:49+01:00;bridge-operator;-25963
